{
    "lapTime": 31.23465910876119,
    "runTime": 53.168942600011825
}{
    "lapTime": 32.54135879925059,
    "runTime": 55.44620309996605
}{
    "lapTime": 29.819307183268815,
    "runTime": 34.990118700027466
}{
    "lapTime": 30.436759932425026,
    "runTime": 37.777439400076865
}{
    "lapTime": 35.77878824679095,
    "runTime": 48.048167799949645
}{
    "lapTime": 27.096115723370552,
    "runTime": 34.59638519990444
}{
    "lapTime": 31.314183695174652,
    "runTime": 44.60453210008144
}{
    "lapTime": 29.50471844122606,
    "runTime": 42.16797630000114
}{
    "lapTime": 31.52780173304436,
    "runTime": 45.40732320010662
}{
    "lapTime": 32.72127236750677,
    "runTime": 40.3631399999857
}{
    "lapTime": 23.963998901857046,
    "runTime": 32.86011530005932
}{
    "lapTime": 40.32319531354246,
    "runTime": 48.94490740001201
}{
    "lapTime": 25.921637257338055,
    "runTime": 39.74947520005703
}{
    "lapTime": 27.173531714453777,
    "runTime": 45.15994760000706
}{
    "lapTime": 24.694771774401598,
    "runTime": 37.95681939995289
}{
    "lapTime": 31.301407050771168,
    "runTime": 65.31503539991378
}{
    "lapTime": 27.37845194367077,
    "runTime": 37.04766220009327
}{
    "lapTime": 27.437197310628672,
    "runTime": 39.68015050005913
}{
    "lapTime": 29.481928933632506,
    "runTime": 65.27636829996109
}{
    "lapTime": 30.945718807167683,
    "runTime": 40.60170609998703
}{
    "lapTime": 35.464403758057415,
    "runTime": 43.1869987000227
}{
    "lapTime": 32.18776619133755,
    "runTime": 44.5778723000288
}{
    "lapTime": 36.693903102080355,
    "runTime": 43.402117200016974
}{
    "lapTime": 29.533022586042403,
    "runTime": 42.606227999925615
}{
    "lapTime": 34.345420429034036,
    "runTime": 47.466989799976346
}{
    "lapTime": 30.913099290010724,
    "runTime": 57.65926029992104
}{
    "lapTime": 24.61912046381698,
    "runTime": 38.15010839998722
}{
    "lapTime": 26.953497972280573,
    "runTime": 44.868823000073434
}